{
  "title": "gpt関連参考URL",
  "closed": false,
  "archived": false,
  "created_at": "2023-04-25",
  "comments": [
    {
      "author": "xianglishan",
      "created_at": "2023-04-25",
      "body_markdown": "https://qiita.com/tmgauss/items/22c4e5e00282a23e569d#124-index-%E3%81%A8-embedding\n\nhttps://note.com/npaka/n/n5d4ff4380055#077e6f30-75e3-45ca-8923-aeab4553835c\n\nhttps://acro-engineer.hatenablog.com/entry/2023/02/17/100000\n\nhttps://github.com/openai/openai-python\n\nhttps://zenn.dev/fusic/articles/dive-into-llamaindex",
      "body_updated_at": "2023-04-25"
    },
    {
      "author": "xianglishan",
      "created_at": "2023-04-25",
      "body_markdown": "https://github.com/keithrozario/Klayers"
    },
    {
      "author": "xianglishan",
      "created_at": "2023-04-25",
      "body_markdown": "# 公式\n\nhttps://platform.openai.com/docs/api-reference\n\nhttps://developers.line.biz/ja/docs/messaging-api/\n\nhttps://docs.aws.amazon.com/ja_jp/lambda/"
    },
    {
      "author": "xianglishan",
      "created_at": "2023-05-16",
      "body_markdown": "プロンプトインジェクション系\nhttps://qiita.com/sakasegawa/items/09d9f6a485108f5a618a"
    }
  ]
}