{
  "title": "新自由主義をハックしたい",
  "closed": true,
  "archived": true,
  "created_at": "2021-12-21",
  "comments": [
    {
      "author": "xianglishan",
      "created_at": "2021-12-21",
      "body_markdown": "## まずはじめに\n\n:::message\nこれはテック系じゃないしこのサイトにかくの多分間違ってるけど(たぶんnoteとかにまとめるか個人のブログとかに書くべきなのかも)、便利なのでここでまとめることとします。\n:::\n\n今の生活に影響する戦後の経済史？を勉強中なので、スタートからなにをしてどう感じたか備忘録的に書いていく。そのうち新自由主義をハックしようぜ的な記事書きたい。noteとかに書こうかな。\n\nマルクス経済学でも近代経済学でも行動経済学でもなんでもなく、現代社会のネオリベラリズムについて考えたいだけのお話です。一個人のまとめとして備忘録を残したい && 理系諸氏は社会への知的好奇心をなんとなく刺激出来たらいいなあ、のつもりで書くものとします。権利がどうとかは知らん。\n\n## なぜ勉強してるか\n- オードリー若林の「表参道のセレブ犬とカバーニャ要塞の野良犬」ていう本を読んで、自分が生きてきた社会で当たり前の自己責任論とかの答えを知りたくなった。\n- みんなが持っているものを自分が持っていない恥ずかしさとか、恋人の条件としてスペックを求められるめんどくささの根源はなんなんよ\n- 政治と経済のこれまでを知らないと選挙いけないじゃん\n\n## 勉強したこと\nていうかまずは読んだ本\n- **若林正恭 「表参道のセレブ犬とカバーニャ要塞の野良犬」 (文春文庫)**\nまずはこれ。\n\n- **池上彰 「学校では教えない「社会人のための現代史」　池上彰教授の東工大講義　国際篇」(文春文庫)**\n\n\n- **池上彰「この日本で生きる君が知っておくべき「戦後史の学び方」　池上彰教授の東工大講義　日本篇」 (文春文庫)**\n\n\n- **池上彰「池上彰の「経済学」講義１　歴史編　戦後70年　世界経済の歩み」 (角川文庫)**\n上記三冊はそれぞれざっくり「戦後の世界史/日本史/経済から見た日本史」みたいな内容だった\n\n## 感じたことまとめ\n- 世界史は多分そんなにべんきょうしてもしゃあない\n- 国内の流れとしてはざっくり以下の流れ\n  - 戦後低迷期 && GHQ統治下の経済/政治\n  - 東西冷戦下の日本 && 高度経済成長期\n  - プラザ合意からのバブル && バブルの遺産\n  - バブル崩壊以降はまだ自分の中でまとまらん。たぶんこのあたりの低迷期で新自由主義的な格差を許容して個人主義的な社会になってくる\n- まだバブル後のいわゆる失われた30年は勉強中\n- 池上彰さんすっげえ\n\n## TODO\n- **山家悠紀夫 「日本経済30年史: バブルからアベノミクスまで」 (岩波新書)**\n- 日本の政治史/日本史/世界史とかに分けて、年代ごとに何が起きてて日本の政治経済がどんな選択をしたのかの自分なりの理解を図表にまとめてみたい。年表風になるかなあ。\n- 最終目標は新自由主義をハックしたい、なのでとりあえず現状までを理解する段階",
      "body_updated_at": "2021-12-21"
    }
  ]
}